id,name,datetime,department_id,job_id 
1,"NAME 1","2021-01-31 00-00-00",7,1 
2,"NAME 2","2021-01-31 00-00-00",7,1 
3,"NAME 3","2021-01-31 00-00-00",7,1 
4,"NAME 3","2021-07-01 00-00-00",7,1 
5,"NAME 3","2021-07-01 00-00-00",7,1 
6,"NAME 3","2021-07-01 00-00-00",7,1 
7,"NAME 3","2021-07-01 00-00-00",7,1 
8,"NAME 3","2021-07-01 00-00-00",7,1 
9,"NAME 3","2021-07-01 00-00-00",7,1 
10,"NAME 3","2021-07-01 00-00-00",7,1 
11,"NAME 3","2021-12-01 00-00-00",7,1 
12,"NAME 3","2021-12-01 00-00-00",7,1 
13,"NAME 3","2021-12-01 00-00-00",7,1 
14,"NAME 3","2021-12-01 00-00-00",7,1 
15,"NAME 3","2021-12-01 00-00-00",7,1 
16,"NAME 3","2021-12-01 00-00-00",7,1 
17,"NAME 3","2021-12-01 00-00-00",7,1 
18,"NAME 3","2021-12-01 00-00-00",7,1 
19,"NAME 3","2021-12-01 00-00-00",7,1 
20,"NAME 3","2021-12-01 00-00-00",7,1 
21,"NAME 3","2021-12-01 00-00-00",7,1 
22,"NAME 1","2021-01-01 00-00-00",7,2 
23,"NAME 1","2021-01-01 00-00-00",7,2 
24,"NAME 1","2021-04-01 00-00-00",7,2 
25,"NAME 2","2021-11-01 00-00-00",7,2 
26,"NAME 2","2021-11-01 00-00-00",7,2 
27,"NAME 1","2021-04-01 00-00-00",9,2
28,"NAME 1","2021-07-01 00-00-00",9,2
29,"NAME 1","2021-07-01 00-00-00",9,2
30,"NAME 1","2021-07-01 00-00-00",9,2

